Apparel	2174971.16
Arts & Crafts	996616.43
Automotive	298301.91
Baby Products	2767097.04
Beauty	3434325.63
Beverages	1771179.77
Books	2379450.70
Collectibles & Hobbies	10816970.64
Computers	1110283.59
Consumables	959930.47
Dairy & Breakfast	1394205.25
Electronics	1687759.44
Fitness	3018434.55
Footwear	1742635.56
Fresh Food	200279.60
Furniture	1567249.22
Gadgets	2470946.19
Games & Puzzles	1624476.71
Gaming	2900568.95
Garden & Outdoor	1304003.74
Gifting	1414600.87
Groceries	710092.14
Haircare	3175235.95
Health & Wellness	457912.34
Home	1344612.30
Home Cleaning	47284.72
Home Decor	2843208.75
Home Improvement	711366.12
Jewellery	18353249.96
Kitchen	1659906.49
Kitchen Appliances	3675347.88
Large Appliances	2454438.17
Lighting	2858015.76
Luggage & Bags	2225483.57
Mobile Phones	3317127.74
Movies & Entertainment	2537795.64
Musical Instruments	4335230.00
Office Products	2329424.63
Outdoor & Camping	1788148.55
Personal Care	2077107.93
Personal Care Appliances	1406497.66
Pet Supplies	1967533.44
Religious & Festival Products	666726.69
School & Stationery	2636109.78
Security	284575.40
Skincare	1371146.68
Smart Home	2416385.24
Snacks & Confectionery	1193509.11
Software & Digital Products	1857260.40
Sports	2508370.70
Toys	2265795.85
Travel & Luggage	808595.66
Watches	8307651.10
