Computers	1110283.59
Smart Home	2416385.24
Home Decor	2843208.75
Home Cleaning	47284.72
Books	2379450.70
School & Stationery	2636109.78
Footwear	1742635.56
Skincare	1371146.68
Beverages	1771179.77
Arts & Crafts	996616.43
Dairy & Breakfast	1394205.25
Software & Digital Products	1857260.40
Personal Care Appliances	1406497.66
Gaming	2900568.95
Haircare	3175235.95
Toys	2265795.85
Electronics	1687759.44
Jewellery	18353249.96
Office Products	2329424.63
Security	284575.40
Home	1344612.30
Apparel	2174971.16
Personal Care	2077107.93
Games & Puzzles	1624476.71
Snacks & Confectionery	1193509.11
Automotive	298301.91
Movies & Entertainment	2537795.64
Gadgets	2470946.19
Luggage & Bags	2225483.57
Sports	2508370.70
Mobile Phones	3317127.74
Kitchen Appliances	3675347.88
Groceries	710092.14
Beauty	3434325.63
Gifting	1414600.87
Outdoor & Camping	1788148.55
Watches	8307651.10
Collectibles & Hobbies	10816970.64
Fresh Food	200279.60
Baby Products	2767097.04
Pet Supplies	1967533.44
Religious & Festival Products	666726.69
Large Appliances	2454438.17
Fitness	3018434.55
Lighting	2858015.76
Home Improvement	711366.12
Travel & Luggage	808595.66
Garden & Outdoor	1304003.74
Health & Wellness	457912.34
Musical Instruments	4335230.00
Kitchen	1659906.49
Consumables	959930.47
Furniture	1567249.22
