Computers	179
Smart Home	346
Home Decor	295
Home Cleaning	187
Books	364
School & Stationery	420
Footwear	278
Skincare	258
Beverages	350
Arts & Crafts	157
Dairy & Breakfast	371
Software & Digital Products	307
Personal Care Appliances	263
Gaming	411
Haircare	273
Toys	393
Electronics	255
Jewellery	340
Office Products	336
Security	221
Home	314
Apparel	315
Personal Care	387
Games & Puzzles	206
Snacks & Confectionery	300
Automotive	158
Movies & Entertainment	374
Gadgets	329
Luggage & Bags	347
Sports	305
Mobile Phones	331
Kitchen Appliances	245
Groceries	135
Beauty	228
Gifting	218
Outdoor & Camping	284
Watches	238
Collectibles & Hobbies	238
Fresh Food	437
Baby Products	360
Pet Supplies	241
Religious & Festival Products	153
Large Appliances	340
Fitness	414
Lighting	332
Home Improvement	291
Travel & Luggage	165
Garden & Outdoor	233
Health & Wellness	150
Musical Instruments	105
Kitchen	293
Consumables	219
Furniture	216
