Chennai	194	4432068.57
Jodhpur	30	941617.81
Nashik	100	3751734.11
Guwahati	121	2830995.25
Chandigarh	39	1380516.59
Jamshedpur	93	2611326.57
Agra	150	2797351.45
Kolkata	210	5772995.19
Surat	111	3717029.46
Varanasi	118	3006551.33
Delhi	177	4540583.02
Hyderabad	190	5399871.80
Raipur	141	4516733.82
Bengaluru	202	5005500.60
Vadodara	114	2393100.95
Gurugram	46	1566696.86
Jaipur	120	2263465.71
Tirupati	107	3420650.37
Thane	38	753001.68
Mumbai	207	4876669.18
Prayagraj	111	3484647.76
Kanpur	79	1582561.44
Kozhikode	121	2831614.81
Dehradun	71	2253287.96
Thiruvananthapuram	100	2210384.55
Noida	69	1469945.89
Jammu	66	2479001.53
Udaipur	121	3413287.06
New Delhi	41	830337.73
Aurangabad	77	1966169.76
Lucknow	90	2286233.20
Madurai	92	2204402.39
Faridabad	116	2902008.76
Patna	72	2494517.23
Bhopal	119	2327530.10
Ahmedabad	81	1733602.13
Bhubaneswar	109	2937788.77
Navi Mumbai	125	2943743.63
Pune	181	5409882.90
Srinagar	33	776466.57
Vijayawada	42	1440304.24
Meerut	46	1379256.02
Rajkot	52	1611541.14
Coimbatore	47	1141339.61
Nagpur	37	823228.12
Kochi	38	1203018.56
Ranchi	34	628474.38
Dhanbad	42	1146084.85
Mysuru	28	456376.67
Visakhapatnam	39	1123071.66
Ghaziabad	38	612434.89
Indore	38	599350.14
Vasai-Virar	31	1523307.15
Amritsar	35	564322.34
Ludhiana	39	981486.50
Mangaluru	32	875963.01
