2025-01-01	31256.65
2025-01-02	52379.35
2025-01-03	40165.10
2025-01-04	45355.85
2025-01-05	34491.60
2025-01-06	53304.40
2025-01-07	77742.90
2025-01-08	40160.55
2025-01-09	19369.05
2025-01-10	46651.30
2025-01-11	10791.20
2025-01-12	85040.35
2025-01-13	48525.15
2025-01-14	26651.55
2025-01-15	55908.90
2025-01-16	57308.35
2025-01-17	56355.50
2025-01-18	43306.50
2025-01-19	24080.95
2025-01-20	20124.80
2025-01-21	44532.25
2025-01-22	24783.30
2025-01-23	55530.40
2025-01-24	57650.95
2025-01-25	26307.15
2025-01-26	72557.30
2025-01-27	61716.30
2025-01-28	40022.20
2025-01-29	90865.00
2025-01-30	45078.90
2025-01-31	61524.20
2025-02-01	18507.80
2025-02-02	54055.60
2025-02-03	94822.40
2025-02-04	56144.10
2025-02-05	31761.15
2025-02-06	48402.60
2025-02-07	67414.45
2025-02-08	42215.15
2025-02-09	51424.15
2025-02-10	39177.35
2025-02-11	21047.55
2025-02-12	83336.45
2025-02-13	34129.65
2025-02-14	48030.25
2025-02-15	31467.50
2025-02-16	43532.75
2025-02-17	60111.15
2025-02-18	54007.15
2025-02-19	39819.90
2025-02-20	64130.00
2025-02-21	42039.35
2025-02-22	75704.25
2025-02-23	25122.50
2025-02-24	39470.00
2025-02-25	19035.10
2025-02-26	50284.45
2025-02-27	52875.30
2025-02-28	63682.70
2025-03-01	115832.25
2025-03-02	23339.10
2025-03-03	48397.80
2025-03-04	38834.30
2025-03-05	68665.50
2025-03-06	9807.00
2025-03-07	31405.95
2025-03-08	92586.45
2025-03-09	21169.45
2025-03-10	72545.20
2025-03-11	32547.15
2025-03-12	52260.00
2025-03-13	98487.35
2025-03-14	14749.10
2025-03-15	58495.50
2025-03-16	57357.40
2025-03-17	32083.90
2025-03-18	27656.60
2025-03-19	74027.40
2025-03-20	17226.70
2025-03-21	56305.90
2025-03-22	51225.30
2025-03-23	58927.00
2025-03-24	80499.70
2025-03-25	24715.70
2025-03-26	67571.60
2025-03-27	38295.50
2025-03-28	38712.90
2025-03-29	107095.70
2025-03-30	100614.20
2025-03-31	23962.40
2025-04-01	43570.10
2025-04-02	89173.25
2025-04-03	52141.00
2025-04-04	78917.90
2025-04-05	37131.25
2025-04-06	56223.80
2025-04-07	88629.75
2025-04-08	55226.95
2025-04-09	78864.60
2025-04-10	31739.15
2025-04-11	64059.10
2025-04-12	59932.85
2025-04-13	72136.50
2025-04-14	64147.75
2025-04-15	67687.20
2025-04-16	47695.25
2025-04-17	80697.35
2025-04-18	41009.75
2025-04-19	50294.45
2025-04-20	70823.75
2025-04-21	82884.65
2025-04-22	40605.70
2025-04-23	64679.00
2025-04-24	83035.65
2025-04-25	15909.45
2025-04-26	44125.45
2025-04-27	59660.70
2025-04-28	43007.20
2025-04-29	47079.50
2025-04-30	54031.05
2025-05-01	67326.45
2025-05-02	34907.25
2025-05-03	45838.00
2025-05-04	76783.80
2025-05-05	34715.75
2025-05-06	52887.70
2025-05-07	20997.60
2025-05-08	44534.80
2025-05-09	32682.50
2025-05-10	78898.25
2025-05-11	38338.70
2025-05-12	37098.30
2025-05-13	39864.20
2025-05-14	94467.60
2025-05-15	53179.10
2025-05-16	63241.35
2025-05-17	38798.35
2025-05-18	43154.60
2025-05-19	50684.95
2025-05-20	43912.50
2025-05-21	56664.55
2025-05-22	17155.00
2025-05-23	2940.00
2025-05-24	62566.75
2025-05-25	25745.00
2025-05-26	30240.20
2025-05-27	26254.95
2025-05-28	57655.10
2025-05-29	69717.80
2025-05-30	30532.45
2025-05-31	73768.85
2025-06-01	44020.10
2025-06-02	46140.70
2025-06-03	49323.35
2025-06-04	56094.15
2025-06-05	63973.60
2025-06-06	7908.60
2025-06-07	52393.75
2025-06-08	52919.10
2025-06-09	22790.45
2025-06-10	63024.00
2025-06-11	46591.95
2025-06-12	78150.05
2025-06-13	77381.95
2025-06-14	33844.15
2025-06-15	54828.75
2025-06-16	23199.00
2025-06-17	55020.70
2025-06-18	34197.35
2025-06-19	37749.10
2025-06-20	18219.10
2025-06-21	68361.95
2025-06-22	39360.35
2025-06-23	72368.15
2025-06-24	40604.20
2025-06-25	56499.40
2025-06-26	45174.65
2025-06-27	27714.35
2025-06-28	15743.00
2025-06-29	71022.55
2025-06-30	89452.00
2025-07-01	17496.05
2025-07-02	48487.25
2025-07-03	67896.10
2025-07-04	37262.35
2025-07-05	48057.70
2025-07-06	62922.10
2025-07-07	54793.70
2025-07-08	24950.70
2025-07-09	83833.85
2025-07-10	80764.70
2025-07-11	30226.65
2025-07-12	17569.25
2025-07-13	42261.45
2025-07-14	55926.25
2025-07-15	57348.85
2025-07-16	40911.25
2025-07-17	37942.35
2025-07-18	90206.25
2025-07-19	77777.65
2025-07-20	54167.70
2025-07-21	49349.70
2025-07-22	64372.20
2025-07-23	84087.00
2025-07-24	39550.00
2025-07-25	54046.65
2025-07-26	16572.25
2025-07-27	41365.00
2025-07-28	33196.35
2025-07-29	29497.25
2025-07-30	34082.40
2025-07-31	84569.65
2025-08-01	103450.95
2025-08-02	46799.85
2025-08-03	60483.45
2025-08-04	53064.95
2025-08-05	15095.00
2025-08-06	66542.50
2025-08-07	63415.75
2025-08-08	10614.90
2025-08-09	26019.15
2025-08-10	44570.65
2025-08-11	63675.55
2025-08-12	69526.15
2025-08-13	61703.75
2025-08-14	28315.00
2025-08-15	24915.00
2025-08-16	73690.20
2025-08-17	31227.45
2025-08-18	32198.35
2025-08-19	46509.05
2025-08-20	34135.05
2025-08-21	60411.70
2025-08-22	35191.10
2025-08-23	39815.00
2025-08-24	68201.95
2025-08-25	51612.40
2025-08-26	45632.65
2025-08-27	60972.45
2025-08-28	91325.35
2025-08-29	70248.50
2025-08-30	15850.75
2025-08-31	24113.85
2025-09-01	40540.45
2025-09-02	67852.10
2025-09-03	44599.25
2025-09-04	42524.30
2025-09-05	46381.50
2025-09-06	37055.00
2025-09-07	37620.50
2025-09-08	65477.45
2025-09-09	44001.65
2025-09-10	37193.20
2025-09-11	9244.45
2025-09-12	42881.85
2025-09-13	53395.75
2025-09-14	94716.25
2025-09-15	44390.00
2025-09-16	47637.40
2025-09-17	33678.65
2025-09-18	28063.50
2025-09-19	11158.20
2025-09-20	32895.00
2025-09-21	32866.70
2025-09-22	20607.70
2025-09-23	34919.35
2025-09-24	48724.50
2025-09-25	66204.75
2025-09-26	31222.50
2025-09-27	76876.75
2025-09-28	45950.45
2025-09-29	71189.80
2025-09-30	34137.50
2025-10-01	40267.35
2025-10-02	76630.65
2025-10-03	27916.50
2025-10-04	51408.75
2025-10-05	20415.70
2025-10-06	42449.70
2025-10-07	19840.25
2025-10-08	122697.80
2025-10-09	46774.70
2025-10-10	31366.85
2025-10-11	101793.25
2025-10-12	60958.10
2025-10-13	25534.15
2025-10-14	54669.25
2025-10-15	48751.85
2025-10-16	16853.20
2025-10-17	67186.75
2025-10-18	51102.10
2025-10-19	46605.00
2025-10-20	45440.85
2025-10-21	47761.10
2025-10-22	66816.55
2025-10-23	55523.65
2025-10-24	60612.10
2025-10-25	87940.15
2025-10-26	22118.85
2025-10-27	67360.95
2025-10-28	47016.30
2025-10-29	57566.80
2025-10-30	43884.55
2025-10-31	42750.75
2025-11-01	36535.75
2025-11-02	36183.45
2025-11-03	52975.35
2025-11-04	41795.45
2025-11-05	5245.25
2025-11-06	19467.70
2025-11-07	77472.00
2025-11-08	53945.80
2025-11-09	72269.40
2025-11-10	26782.25
2025-11-11	82542.80
2025-11-12	81064.40
2025-11-13	37675.40
2025-11-14	54882.25
2025-11-15	10885.40
2025-11-16	52977.40
2025-11-17	24210.60
2025-11-18	52403.45
2025-11-19	35956.75
2025-11-20	92383.95
2025-11-21	27305.45
2025-11-22	64591.15
2025-11-23	67112.80
2025-11-24	67071.45
2025-11-25	73303.45
2025-11-26	43956.00
2025-11-27	58277.95
2025-11-28	25754.80
2025-11-29	36811.30
2025-11-30	67247.10
2025-12-01	61020.15
2025-12-02	35675.80
2025-12-03	31339.60
2025-12-04	71561.95
2025-12-05	29865.55
2025-12-06	45324.00
2025-12-07	26804.35
2025-12-08	59966.10
2025-12-09	93856.15
2025-12-10	53141.00
2025-12-11	50479.30
2025-12-12	56759.10
2025-12-13	32262.80
2025-12-14	57564.95
2025-12-15	30185.10
2025-12-16	16972.50
2025-12-17	10966.10
2025-12-18	31362.65
2025-12-19	65812.50
2025-12-20	28386.05
2025-12-21	43853.45
2025-12-22	44148.75
2025-12-23	59268.90
2025-12-24	11118.40
2025-12-25	102447.75
2025-12-26	67049.05
2025-12-27	90917.30
2025-12-28	30329.00
2025-12-29	33020.60
2025-12-30	50486.85
2025-12-31	48885.10
